time,EURUSD,GBPUSD,USDJPY,USDCHF,EURJPY,GBPJPY,EURGBP
2025-12-13 15:29:29.906489,1.17402,1.33656,155.809,0.79571,182.836,208.209,0.8774
